timestamp,open,high,low,close,volume
2021-02-11,72.4100,72.6600,46.5200,51.1000,100285885
2021-02-05,316.5600,322.0000,51.0900,63.7700,300516642
2021-01-29,96.7300,483.0000,61.1300,325.0000,538515347
2021-01-22,41.5500,76.7573,36.0600,65.0100,359357661
2021-01-15,19.4100,43.0600,19.0100,35.5000,306041284
2021-01-08,19.0000,19.4500,17.0800,17.6900,33651415
2020-12-31,21.3100,21.9700,18.5600,18.8400,31022763
2020-12-24,15.8100,22.3499,15.2800,20.1500,72656276
2020-12-18,13.3400,16.3000,12.1400,15.6300,48878749
2020-12-11,17.0000,17.5000,13.0200,13.3100,62920155
2020-12-04,18.1700,19.4200,15.3800,16.9000,67395325
2020-11-27,12.9000,16.7400,12.6700,16.0800,38102798
2020-11-20,11.1600,13.4600,10.7200,12.7100,39812182
2020-11-13,12.7600,12.9300,10.8300,11.0100,22855460
2020-11-06,10.8200,12.1700,10.5000,11.8600,28712842
2020-10-30,14.9300,15.4500,10.3600,10.4700,42724065
2020-10-23,13.4400,15.8700,13.3800,15.0000,47854508
2020-10-16,11.6600,15.1000,11.4000,13.3100,96158571
2020-10-09,9.4400,14.8000,9.1000,12.0200,164255371
2020-10-02,10.1600,10.7597,9.3000,9.3900,26982234
2020-09-25,9.3500,11.1699,8.3800,10.0200,68497437
2020-09-18,6.8000,9.7700,6.4300,9.4700,69643202
2020-09-11,7.5500,8.2800,5.8700,6.0900,40504170
2020-09-04,5.7700,8.4500,5.6900,7.6500,96204654
2020-08-28,5.1000,5.5650,4.5600,5.3900,17985292
2020-08-21,4.7800,5.6000,4.4350,5.0300,21897634
2020-08-14,4.2000,4.8300,4.1800,4.7500,16361476
2020-08-07,4.0300,4.7600,3.9950,4.1600,23047393
2020-07-31,4.0200,4.2300,3.9200,4.0100,14185752
2020-07-24,3.9500,4.3050,3.7700,4.0300,14710692
2020-07-17,4.3500,4.5500,3.9400,3.9600,12384300
2020-07-10,4.3100,4.3800,4.0300,4.3400,10047400
2020-07-02,4.3500,4.5200,4.2000,4.2900,10209900
2020-06-26,4.7900,4.9900,4.2700,4.3500,15609581
2020-06-19,4.5000,5.0840,4.4200,4.8800,21408639
2020-06-12,4.2800,5.5300,4.1800,4.7200,39281668
2020-06-05,4.1200,4.7200,4.0200,4.1400,17607690
2020-05-29,4.3400,4.7600,4.0500,4.0600,12832622
2020-05-22,4.4000,4.7500,4.1300,4.1800,11088409
2020-05-15,4.9200,4.9590,3.9600,4.2200,11161890
2020-05-08,5.8400,5.9300,4.6500,4.9800,14391683
2020-05-01,4.8500,6.1800,4.8100,6.0500,22005220
2020-04-24,4.8500,5.9000,4.5800,4.7700,17340633
2020-04-17,4.2500,6.4700,4.1600,4.8800,36788560
2020-04-09,2.8600,4.2500,2.8250,3.8900,14965246
2020-04-03,4.2200,4.2700,2.5700,2.8000,18098985
2020-03-27,3.5800,5.0900,3.5000,4.2200,29586197
2020-03-20,3.9300,4.6500,3.5000,3.7600,24838591
2020-03-13,3.5900,4.6500,3.4800,4.5900,22915574
2020-03-06,3.6000,4.0700,3.3900,3.9200,17442156
2020-02-28,3.9000,3.9300,3.1849,3.6000,21309962
2020-02-21,4.0100,4.2950,3.9150,4.0400,7318735
2020-02-14,3.8500,4.5100,3.7400,4.0200,14673918
2020-02-07,3.8800,4.4100,3.7700,3.8100,12479900
2020-01-31,4.2000,4.3500,3.8300,3.8400,11716142
2020-01-24,4.7500,4.7500,4.2500,4.3200,12203387
2020-01-17,5.4300,5.6100,4.5100,4.7500,29468718
2020-01-10,5.8000,5.9100,5.3800,5.4300,19678849
2020-01-03,5.8800,6.4700,5.7600,5.8800,16802239
2019-12-27,6.0500,6.0700,5.2450,5.9000,24983876
2019-12-20,5.3900,6.2700,5.3900,5.9900,23735452
2019-12-13,6.6500,6.9200,5.1800,5.4500,47080600
2019-12-06,6.3500,6.6800,5.9300,6.6800,16288004
2019-11-29,5.6700,6.3900,5.6300,6.3400,9792588
2019-11-22,5.8500,5.8500,5.3500,5.6600,15300186
2019-11-15,6.0500,6.1100,5.7700,5.8800,10352437
2019-11-08,5.9000,6.3150,5.7700,6.0900,16268188
2019-11-01,6.3800,6.4900,5.3100,5.8400,20075124
2019-10-25,5.9800,6.6200,5.8200,6.3500,18781007
2019-10-18,5.3200,6.0500,5.2200,5.9400,22471447
2019-10-11,5.4800,5.5800,4.9600,5.3700,26297284
2019-10-04,5.4300,5.8150,5.2300,5.5500,33091250
2019-09-27,4.6800,5.5500,4.6100,5.3400,49465586
2019-09-20,4.3000,4.8000,4.1300,4.7000,42474455
2019-09-13,4.3500,5.1000,3.9700,4.4100,81694434
2019-09-06,3.9700,4.3600,3.6600,4.3100,26861477
2019-08-30,3.7200,4.3600,3.6450,3.9700,46467794
2019-08-23,3.3700,4.2500,3.2800,3.6500,51024035
2019-08-16,3.5800,3.7600,3.1500,3.3200,22143285
2019-08-09,3.7200,3.9100,3.5750,3.5900,22081373
2019-08-02,4.0200,4.1800,3.7500,3.7800,23998612
2019-07-26,4.3300,4.4000,3.9600,4.0100,28211825
2019-07-19,4.8700,4.8900,4.1200,4.3200,36229604
2019-07-12,5.5000,5.5500,4.7300,4.9100,50338460
2019-07-05,5.5300,5.6400,5.2700,5.5200,25425891
2019-06-28,5.4100,5.5900,5.2800,5.4700,19112835
2019-06-21,5.6300,5.8300,5.3100,5.4200,23618447
2019-06-14,5.3700,5.8500,5.2900,5.6300,48410082
2019-06-07,7.5800,7.8500,4.7100,5.0200,79162820
2019-05-31,7.8500,7.9900,7.3200,7.5800,13539152
2019-05-24,8.4600,8.5200,7.6700,7.8200,21718426
2019-05-17,8.3300,8.8400,8.1700,8.6100,11627859
2019-05-10,8.8500,8.9200,8.3600,8.4800,11701457
2019-05-03,8.8900,8.9900,8.4700,8.9700,14591582
2019-04-26,8.7500,9.0600,8.5300,8.8900,19770928
2019-04-18,9.2700,9.3500,8.7400,8.7700,17982662
2019-04-12,9.7900,10.0800,9.2900,9.3200,17660684
2019-04-05,10.2900,10.4200,8.8200,9.8600,53345633
2019-03-29,10.4600,10.5400,10.0700,10.1600,16668858
2019-03-22,11.0900,11.2400,10.3500,10.4500,16139362
2019-03-15,10.9800,11.6385,10.8900,11.0600,13437146
2019-03-08,11.7900,12.1000,10.7500,10.9700,19062539
2019-03-01,11.3800,12.0100,11.3800,11.7500,13871201
2019-02-22,11.4600,11.4700,11.0100,11.3700,12005049
2019-02-15,11.3800,11.7450,11.1600,11.4300,11410072
2019-02-08,11.2400,11.8100,11.0000,11.3500,15844882
2019-02-01,15.7400,15.7900,11.1000,11.2400,51533166
2019-01-25,15.8100,16.0600,15.1299,15.9000,8222947
2019-01-18,15.8400,16.9030,15.1900,15.9300,18121919
2019-01-11,15.1100,16.3900,14.9400,15.8500,17041152
2019-01-04,12.3300,15.2900,12.3050,15.2400,18580840
2018-12-28,11.9700,12.4900,11.5600,12.2800,7593949
2018-12-21,12.6600,13.1028,11.7650,11.9600,14370813
2018-12-14,13.3800,13.5300,12.6700,12.7600,11050171
2018-12-07,13.8200,14.1100,13.2400,13.6800,14355343
2018-11-30,13.9900,15.2200,12.8000,13.6600,29048629
2018-11-23,12.8400,14.5000,12.1400,13.5000,24658581
2018-11-16,14.6600,14.7800,12.4500,12.7900,16891558
2018-11-09,15.5500,15.5600,14.3150,14.6400,9554964
2018-11-02,13.8400,15.7550,13.7700,15.6100,11421852
2018-10-26,14.8200,15.6000,13.6400,13.7100,11727069
2018-10-19,14.8100,15.4800,14.4700,14.7300,10123098
2018-10-12,14.7100,15.4499,14.6500,14.8000,10651981
2018-10-05,15.2800,15.5400,14.5800,14.6800,12796893
2018-09-28,16.4200,16.4200,15.1900,15.2700,12091739
2018-09-21,16.7100,16.8600,16.3450,16.5200,10462045
2018-09-14,16.1600,17.0400,15.8700,16.7900,15610156
2018-09-07,13.1700,16.5300,13.0800,16.1300,36980821
2018-08-31,16.4700,16.5000,13.1800,13.2700,33274178
2018-08-24,15.4000,17.2700,15.3500,16.5500,23514881
2018-08-17,15.3500,15.5700,14.9900,15.3300,9504968
2018-08-10,14.8800,15.6000,14.7400,15.3200,10966744
2018-08-03,14.8800,14.9800,14.4000,14.8500,11501458
2018-07-27,15.0500,15.0900,14.2500,14.8300,9818224
2018-07-20,15.2700,15.4200,14.3150,15.0800,10777812
2018-07-13,15.5700,15.6250,14.4600,15.2800,13382093
2018-07-06,14.5900,15.2300,14.0000,15.1500,13785503
2018-06-29,15.4100,15.7200,14.4900,14.5700,12944237
2018-06-22,13.9500,15.9800,13.3700,15.5200,54549592
2018-06-15,14.1500,14.3700,12.7000,13.9600,37600843
2018-06-08,13.7900,14.6900,13.4400,14.5300,26386207
2018-06-01,12.5800,13.7200,12.5500,13.7200,41545221
2018-05-25,12.5200,12.9100,12.4400,12.6700,18289210
2018-05-18,12.6900,13.8800,12.2550,12.4600,29585014
2018-05-11,13.0200,13.2000,12.4650,12.7100,19336291
2018-05-04,13.9700,14.0000,12.7400,13.0000,18738325
2018-04-27,12.9000,13.9100,12.9000,13.8600,16662658
2018-04-20,13.7300,14.1800,12.8100,12.8800,19798822
2018-04-13,13.5100,13.9800,13.4300,13.6100,22084616
2018-04-06,12.5100,13.6600,12.5000,13.4300,32640211
2018-03-29,13.7000,14.3100,12.2000,12.6200,42568089
2018-03-23,15.2400,15.4100,13.4900,13.5000,20842252
2018-03-16,15.8500,16.0100,15.2600,15.4200,16173798
2018-03-09,15.8700,16.1700,15.4800,15.8500,16833746
2018-03-02,16.0000,16.5900,15.3800,15.9300,18499895
2018-02-23,16.3000,16.3200,15.5700,15.9700,10418512
2018-02-16,16.2900,16.9700,15.4900,16.4000,12897186
2018-02-09,16.1400,16.6700,15.1010,16.1700,23228642
2018-02-02,17.0500,17.2700,16.2200,16.2300,13811363
2018-01-26,18.2200,18.2700,16.6100,17.0600,18802141
2018-01-19,18.0000,18.2800,17.0400,18.1300,19445650
2018-01-12,18.8000,20.3100,17.6300,17.7600,30842365
2018-01-05,17.9600,18.7300,17.7800,18.6800,12293004
2017-12-29,18.2900,19.1800,17.9400,17.9500,8918686
2017-12-22,18.5000,18.8000,18.0100,18.2900,12635701
2017-12-15,19.2800,19.3573,18.1700,18.3400,15725239
2017-12-08,19.0400,19.8600,18.6050,19.2000,16232856
2017-12-01,17.5900,19.6900,17.5900,18.7700,26974259
2017-11-24,16.4000,18.7000,16.0300,17.4200,37776133
2017-11-17,16.4300,16.8400,15.8500,16.3100,19607196
2017-11-10,18.0700,18.2100,16.2200,16.4300,16706883
2017-11-03,19.4300,19.4700,18.1000,18.1000,11756272
2017-10-27,20.1400,20.5500,18.9200,19.3400,10135418
2017-10-20,19.6900,20.3200,19.2000,20.1300,7615440
2017-10-13,20.0700,20.2850,19.3200,19.7100,8719009
2017-10-06,20.6500,20.6800,20.0200,20.0200,6922793
2017-09-29,20.0300,20.9700,20.0100,20.6600,8612940
2017-09-22,20.3900,20.6300,19.8600,20.0100,7080958
2017-09-15,19.2100,20.4400,19.1300,20.2900,11704042
2017-09-08,18.6900,19.3500,18.5550,19.1500,10570437
2017-09-01,19.4100,19.7000,18.4700,18.6700,17056068
2017-08-25,21.1600,22.1200,18.7200,19.4000,30700426
2017-08-18,21.9500,21.9900,20.7800,21.2200,11876355
2017-08-11,21.9400,22.3700,21.0700,21.7600,7335035
2017-08-04,21.5500,22.1100,21.1400,21.9300,7727034
2017-07-28,20.7000,21.7550,20.6500,21.5000,10163304
2017-07-21,21.0300,21.5800,20.7200,20.7800,9202109
2017-07-14,20.8900,21.4300,20.7900,21.0200,6818245
2017-07-07,21.7700,22.0000,20.8600,20.9100,7452411
2017-06-30,20.6700,21.8000,20.6600,21.6100,10068599
2017-06-23,20.6500,20.9700,20.2610,20.6500,12022706
2017-06-16,21.9400,22.1700,20.5000,20.5900,13631952
2017-06-09,22.2500,22.5700,21.3000,22.0100,13772908
2017-06-02,22.1800,22.9600,21.8900,22.6700,16571070
2017-05-26,24.3500,24.5995,21.2500,22.2200,31901186
2017-05-19,24.1400,24.6800,23.5200,24.2200,10779934
2017-05-12,24.0000,25.3100,23.7800,24.0300,11432442
2017-05-05,22.7700,24.1400,22.5600,24.0000,10294770
2017-04-28,23.4000,23.9750,22.4700,22.6900,12329072
2017-04-21,22.4500,23.4250,22.4000,23.1900,10894647
2017-04-13,21.6000,22.4400,21.5600,22.3800,10610345
2017-04-07,22.5200,22.6200,21.5800,21.6600,14165635
2017-03-31,20.3300,22.7400,20.2400,22.5500,19655709
2017-03-24,24.6600,24.8400,20.6600,20.7000,29615267
2017-03-17,24.7700,24.8000,24.0000,24.6400,17249864
2017-03-10,25.2800,25.3000,24.4200,25.1800,12418656
2017-03-03,26.2100,26.6799,23.5700,25.2800,10026853
2017-02-24,25.8400,26.5000,25.4500,26.2800,8552386
2017-02-17,25.7500,26.0800,25.2500,25.5700,8198189
2017-02-10,24.7400,25.7500,24.5100,25.6600,8281768
2017-02-03,24.1200,24.9000,23.8450,24.7400,8975672
2017-01-27,23.6700,24.6900,23.4500,24.3100,12754107
2017-01-20,22.7400,23.7500,22.6800,23.5800,11733502
2017-01-13,24.6000,25.1300,22.2710,22.7300,23899810
2017-01-06,25.4400,26.0500,24.5000,24.5200,9556875
2016-12-30,25.4100,26.0000,25.0800,25.2600,6774493
2016-12-23,25.4100,26.5400,25.0400,25.4100,8501790
2016-12-16,26.0600,26.8450,25.1000,25.4200,12266977
2016-12-09,24.4400,26.3300,24.2700,26.0200,12194487
2016-12-02,26.0000,26.0000,24.1300,24.2700,11342206
2016-11-25,23.5300,26.4850,23.1600,25.8200,17675643
2016-11-18,22.4400,23.5400,22.1900,23.4600,8822144
2016-11-11,21.0000,22.5200,20.5010,22.3200,11228433
2016-11-04,23.9500,24.1800,20.1000,20.7300,26934542
2016-10-28,25.3700,25.3700,23.6900,23.9000,11681914
2016-10-21,25.3200,25.5700,24.4500,25.0100,13903208
2016-10-14,26.8400,27.1400,25.1100,25.3800,12005099
2016-10-07,27.5900,27.8600,26.3000,26.6800,11804904
2016-09-30,28.1100,28.2000,27.1250,27.5900,7231242
2016-09-23,27.3900,28.5800,27.3900,28.1900,10039146
2016-09-16,27.3800,27.6300,26.6920,27.0900,12419252
2016-09-09,28.3800,28.6700,27.1700,27.1800,7674679
2016-09-02,28.7500,28.9700,27.9700,28.3900,13878641
2016-08-26,32.0000,32.6700,28.6900,28.7400,27846222
2016-08-19,31.3100,32.0800,30.5000,31.7200,8524944
2016-08-12,30.1400,31.7300,29.5000,31.3500,10666525
2016-08-05,30.9700,30.9900,28.5700,30.0400,12487384
2016-07-29,30.5200,31.5750,30.0500,30.9500,9974197
2016-07-22,28.0000,31.8500,27.8700,30.8100,23056639
2016-07-15,28.1100,29.2000,27.9800,27.9900,14010052
2016-07-08,27.0300,27.3900,25.7300,27.3700,9006154
2016-07-01,25.3100,27.3800,25.1800,27.0600,12920427
2016-06-24,26.4500,26.8200,25.2600,25.3400,8999407
2016-06-17,26.4500,26.6700,25.3500,26.1500,13933793
2016-06-10,28.2700,28.7850,26.1600,26.5300,13616401
2016-06-03,28.8900,29.3500,28.3100,28.6400,17836866
2016-05-27,28.6100,30.4242,27.6500,28.8000,21114547
2016-05-20,28.7600,29.4000,27.5200,28.4800,15432409
2016-05-13,30.1000,30.6600,28.4100,28.7300,11315991
2016-05-06,32.8100,32.8600,29.3650,30.0900,12262309
2016-04-29,32.6800,33.7200,32.3710,32.8000,11152482
2016-04-22,31.8600,33.2900,31.6300,32.8000,31000711
2016-04-15,29.7400,32.1400,29.7100,31.7900,11329020
2016-04-08,31.3900,31.4155,29.0000,29.4900,11339606
2016-04-01,28.9500,32.4300,28.4000,31.3400,18800761
2016-03-24,30.9200,31.6600,29.6100,30.2700,11965770
2016-03-18,30.7600,32.2900,29.9700,30.8300,13913596
2016-03-11,31.0300,31.7000,29.8100,30.7500,11420847
2016-03-04,30.4400,32.9500,29.1600,31.2300,14673196
2016-02-26,28.5300,30.6100,28.2600,30.5400,7773069
2016-02-19,27.3300,29.8000,26.8900,28.1900,8002935
2016-02-12,26.5500,27.9600,26.1379,26.9800,11663064
2016-02-05,26.2000,27.1900,24.7500,26.8300,10397240
2016-01-29,25.6000,26.7800,24.9050,26.2100,9934394
2016-01-22,25.9600,26.0300,24.3300,25.6700,8902881
2016-01-15,28.3300,29.5500,24.8500,25.6400,22043126
2016-01-08,27.0400,29.0100,27.0100,28.3700,16864560
2015-12-31,28.3700,28.9400,28.0300,28.0400,7500919
2015-12-24,28.5300,29.1000,28.0500,28.3700,10132541
2015-12-18,30.0000,31.1500,27.9000,28.7600,15413821
2015-12-11,33.2000,34.0300,29.9400,30.0000,19006220
2015-12-04,35.5600,35.8300,32.1900,33.3000,15518325
2015-11-27,33.1400,38.2300,33.0000,36.0100,25541536
2015-11-20,37.0000,39.7700,36.9000,39.2600,12300472
2015-11-13,46.7700,46.8200,37.0700,37.1800,16328804
2015-11-06,46.0300,47.4800,45.5700,46.8200,6600269
2015-10-30,45.3700,46.5500,43.5500,46.0700,5484514
2015-10-23,44.4600,47.6200,44.0100,45.3500,7323542
2015-10-16,44.2800,44.6400,42.7300,44.4600,4094605
2015-10-09,41.6000,44.4600,41.5300,44.4100,7156598
2015-10-02,40.8400,41.6300,39.6600,41.5000,8976255
2015-09-25,42.7200,42.8300,40.4500,41.0000,6471556
2015-09-18,42.8400,44.4300,42.2300,42.2700,7835834
2015-09-11,41.9700,42.8900,40.7600,42.7800,6594493
2015-09-04,42.2700,42.7800,40.7100,41.2500,10964386
2015-08-28,41.8600,47.0000,38.6600,42.4900,22181390
2015-08-21,47.4400,47.7125,44.6400,44.8300,7991915
2015-08-14,45.8800,47.8250,44.6300,47.4400,7281353
2015-08-07,45.9800,46.6300,44.5100,45.1700,6310854
2015-07-31,45.4000,46.4700,44.7330,45.8500,5836932
2015-07-24,46.5000,47.6200,45.3300,45.4900,7214611
2015-07-17,47.2100,47.7600,46.1800,46.6700,9592616
2015-07-10,43.1200,47.3400,42.9675,46.9600,10563865
2015-07-02,43.7300,44.5000,42.7600,43.5600,5168653
2015-06-26,43.2500,45.5000,43.0100,44.0400,10240050
2015-06-19,42.8700,43.8200,41.9700,43.0900,9768013
2015-06-12,44.0200,44.2800,42.6900,42.9600,7689062
2015-06-05,43.7400,44.4560,42.4100,44.1400,10951788
2015-05-29,40.6900,44.4900,39.4000,43.4100,15577932
2015-05-22,40.1000,40.9750,39.6800,40.8000,5595925
2015-05-15,40.0900,40.4900,38.5200,40.0600,6056631
2015-05-08,39.3100,40.5000,38.4700,40.1900,6187907
2015-05-01,40.7300,41.0100,38.4200,39.1700,5149508
2015-04-24,39.7900,40.7700,39.6000,40.7100,5401002
2015-04-17,40.4000,41.3000,39.4600,39.6600,8659376
2015-04-10,38.0000,40.4100,37.6800,40.4000,7646964
2015-04-02,38.4000,38.8100,37.2200,38.2000,8742170
2015-03-27,41.0700,41.7300,37.1400,38.3600,16738521
2015-03-20,40.7300,41.3500,40.1600,40.9200,6352859
2015-03-13,40.1200,42.6700,39.0600,40.7000,7864470
2015-03-06,38.3900,40.5778,37.8000,40.1600,8069426
2015-02-27,37.9400,37.9861,36.6850,36.9700,5523096
2015-02-20,37.3500,38.2100,36.6000,37.4900,4476023
2015-02-13,36.5400,38.1900,36.5200,37.3500,8367004
2015-02-06,35.1100,37.9250,34.5200,36.7600,8771446
2015-01-30,37.3900,39.3000,35.0600,35.2500,13611387
2015-01-23,36.3300,37.5000,35.2100,37.4000,11459909
2015-01-16,32.5500,37.3500,31.6900,36.3500,23379979
2015-01-09,33.5200,36.0300,32.0900,32.2700,20974292
2015-01-02,33.5300,34.4100,32.9000,33.8000,7761831
2014-12-26,36.4800,36.6000,33.1900,33.6500,15619212
2014-12-19,32.6100,34.5000,31.8100,34.5000,20503097
2014-12-12,37.1000,37.1000,32.2600,32.3000,25920187
2014-12-05,37.6200,37.6700,35.1500,37.4200,20955660
2014-11-28,37.7300,38.2700,36.8800,37.8100,17530900
2014-11-21,44.3600,44.7000,37.1100,37.8600,32514263
2014-11-14,43.6800,44.7000,42.3600,44.4000,13759510
2014-11-07,42.7600,44.8400,42.1200,43.6900,9909750
2014-10-31,42.0000,43.8900,39.3100,42.7600,12195154
2014-10-24,39.7000,42.3900,39.5200,42.0300,10444870
2014-10-17,38.1300,40.3600,35.8200,39.8600,17122976
2014-10-10,40.5000,40.5900,38.1000,38.3100,13138931
2014-10-03,41.7400,42.3700,39.6100,40.4600,10131119
2014-09-26,43.3300,43.6800,41.6700,42.0400,8409979
2014-09-19,43.5800,45.4500,43.1900,43.3800,10526500
2014-09-12,45.1000,45.4065,42.7500,43.6100,10494500
2014-09-05,42.2900,45.2500,42.2300,45.2400,9788600
2014-08-29,43.5800,43.5800,41.8800,42.2000,10587100
2014-08-22,40.0600,44.5000,39.9500,42.9000,20596500
2014-08-15,40.9900,41.9000,39.4000,39.6400,11061600
2014-08-08,41.3500,42.1150,40.2700,40.7000,9047000
2014-08-01,45.8600,46.5900,41.0600,41.2200,24331800
2014-07-25,42.5700,46.2000,42.3961,45.6800,15263900
2014-07-18,41.8400,43.3700,40.8700,42.8300,10858600
2014-07-11,41.5500,42.8600,40.7600,41.2400,10503500
2014-07-03,40.4300,41.8200,40.2800,41.7600,5994200
2014-06-27,40.0900,40.9900,39.7130,40.3500,10429000
2014-06-20,36.8500,40.4200,36.7928,40.1100,14983800
2014-06-13,37.3000,39.0700,36.0800,36.9900,11878500
2014-06-06,37.6800,37.8600,35.8900,37.2800,10491400
2014-05-30,38.7000,39.0500,36.7800,37.8500,10754400
2014-05-23,37.1000,39.5300,34.7700,38.4300,19850800
2014-05-16,36.5900,38.0000,35.1000,36.2200,11057200
2014-05-09,39.3700,39.4800,35.6700,36.5600,15571900
2014-05-02,39.6100,40.4900,39.0700,39.9200,9818200
2014-04-25,41.4200,42.8200,38.9700,39.3700,12312900
2014-04-17,40.8600,42.0199,40.1300,41.4700,11363400
2014-04-11,42.6800,44.1000,40.2500,40.5200,20529900
2014-04-04,40.7200,45.4800,40.2300,42.8400,25082000
2014-03-28,37.9900,40.6500,35.2700,40.6200,29977600
2014-03-21,39.0200,39.8500,37.2800,37.8200,18594900
2014-03-14,38.5200,39.1500,36.7600,38.9800,14167500
2014-03-07,37.0500,39.3400,36.8300,38.5200,12184200
2014-02-28,35.6000,39.0000,35.4000,37.3100,18279200
2014-02-21,35.8200,36.4600,35.2501,35.5600,11201300
2014-02-14,35.5000,36.7800,35.0200,35.6100,21028800
2014-02-07,34.9700,35.7660,33.1000,35.5000,22730800
2014-01-31,36.6000,37.5800,34.7000,35.0700,21673900
2014-01-24,38.5200,39.5100,36.3800,36.5200,20404500
2014-01-17,45.4700,45.8400,36.0000,37.6500,51300500
2014-01-10,49.2400,49.3000,43.6000,45.5200,31619400
2014-01-03,48.9900,50.0000,48.1100,49.2400,7870300
2013-12-27,49.3400,51.5500,48.9100,49.0400,6620800
2013-12-20,47.3800,50.4900,47.3800,49.2500,15137700
2013-12-13,45.0900,47.8000,45.0000,47.2900,18550500
2013-12-06,48.5000,48.5900,44.8700,45.0800,25444100
2013-11-29,50.7100,50.7200,47.6800,48.2500,15907700
2013-11-22,57.0900,57.1900,46.6600,49.8600,29728600
2013-11-15,55.1900,57.7400,54.0400,56.5300,10195000
2013-11-08,55.4500,57.2100,53.6400,55.4800,9854800
2013-11-01,54.8800,56.0000,52.7100,55.0500,8647900
2013-10-25,54.2800,55.3700,53.3700,54.8800,7000700
2013-10-18,51.0900,54.0000,50.8101,53.8800,8345000
2013-10-11,50.2200,52.8300,48.5100,51.5600,9247600
2013-10-04,49.2500,51.2200,47.7300,50.7000,8814800
2013-09-27,49.5000,51.7000,48.6500,49.6500,8234200
2013-09-20,52.8800,53.2850,49.1600,49.4300,11169800
2013-09-13,50.0600,52.5400,48.9400,52.4500,8305600
2013-09-06,50.7700,51.5340,49.3900,49.6100,6593200
2013-08-30,51.5700,53.2000,49.3000,50.2100,10528500
2013-08-23,47.7200,56.0800,47.3100,51.6200,17839100
2013-08-16,48.5500,49.6600,47.0400,47.5800,7088300
2013-08-09,50.3200,51.1400,47.1800,48.9700,14576900
2013-08-02,45.6700,51.3600,44.5700,50.3900,17474300
2013-07-26,43.5000,45.8500,42.3300,45.8000,9978100
2013-07-19,43.1700,44.4500,42.4700,43.4600,10030000
2013-07-12,43.0800,43.3100,42.1100,43.1700,9934600
2013-07-05,42.0000,43.0100,41.6600,42.9900,6229800
2013-06-28,40.3000,42.8400,39.4600,42.0300,15554000
2013-06-21,39.0200,41.5300,37.9300,40.7800,20639400
2013-06-14,36.7500,39.7700,34.8400,39.0100,26357100
2013-06-07,33.1800,37.4700,33.1600,36.7500,26942500
2013-05-31,32.8100,33.8500,31.4700,33.1600,14611200
2013-05-24,39.7600,39.8000,30.9400,32.1100,40043300
2013-05-17,38.2600,39.8700,37.8200,39.7600,13348500
2013-05-10,36.9900,38.5700,36.5800,38.3800,14083500
2013-05-03,34.6600,37.2300,34.3300,37.1500,12170000
2013-04-26,32.7300,34.9700,31.8350,34.6200,13973500
2013-04-19,32.0000,33.2600,31.2700,32.7300,18014600
2013-04-12,30.0400,32.3300,29.5000,32.0200,17357700
2013-04-05,28.0000,31.1000,27.9300,29.9600,22917000
2013-03-28,25.8100,28.6700,25.2050,27.9700,18589900
2013-03-22,25.1700,25.8000,24.8900,25.6600,7674600
2013-03-15,24.6600,25.8600,24.3600,25.4500,9346000
2013-03-08,23.9600,24.9800,23.3600,24.6700,11643700
2013-03-01,25.0900,25.6596,23.7800,24.0500,13895500
2013-02-22,25.2400,25.9900,24.1000,24.8200,12180800
2013-02-15,26.1600,26.5800,25.1350,25.3700,13684400
2013-02-08,24.6000,27.0100,23.7500,26.0600,26171300
2013-02-01,23.7500,24.8100,22.5700,24.6900,15844100
2013-01-25,23.3500,23.7800,22.9900,23.7100,8010700
2013-01-18,23.1900,23.7657,22.7500,23.2800,13718300
2013-01-11,24.6600,24.9200,22.3000,23.2500,28614400
2013-01-04,24.3900,25.8700,23.9200,24.8000,21679300
2012-12-28,25.5900,26.1300,23.9200,24.5300,6499200
2012-12-21,27.5900,28.0000,25.3100,25.5700,17944000
2012-12-14,27.3400,28.3500,26.9900,27.5100,14866600
2012-12-07,26.4500,27.4200,25.4000,27.3000,13763200
2012-11-30,26.8300,27.5197,25.8500,26.2500,14434300
2012-11-23,25.8700,28.0000,25.3000,27.0700,17064100
2012-11-16,22.1400,25.6200,22.1300,25.5500,30773600
2012-11-09,23.8400,24.2900,21.4100,22.1100,11690900
2012-11-02,23.0500,23.9400,22.7500,23.8100,5824300
2012-10-26,23.0600,23.9900,22.5800,23.0000,11752900
2012-10-19,22.9100,23.5700,22.6800,23.1200,9363900
2012-10-12,23.0000,24.4900,22.5900,22.7700,17765800
2012-10-05,21.4200,23.4750,21.0500,23.0800,15144100
2012-09-28,22.3800,22.3900,20.5000,21.0000,16290200
2012-09-21,23.0800,23.0800,22.1550,22.3000,13410200
2012-09-14,21.5500,23.7900,21.3000,23.1500,15431900
2012-09-07,19.8500,21.8200,19.8300,21.6600,18237700
2012-08-31,18.5000,19.3500,17.9400,19.0800,15031400
2012-08-24,18.7700,19.5900,18.2900,18.4200,22112600
2012-08-17,18.5200,18.8500,16.6000,18.5700,32366900
2012-08-10,16.0900,17.7400,15.8750,17.7400,13386400
2012-08-03,16.2000,18.3900,15.3200,15.9000,17377600
2012-07-27,16.1300,16.3700,15.4699,16.1400,12951200
2012-07-20,16.7300,17.1500,16.2500,16.3000,10971800
2012-07-13,18.2800,18.5000,16.7200,16.8300,12208300
2012-07-06,18.4400,18.6900,17.8600,18.1300,6631400
2012-06-29,17.5400,18.4500,17.1000,18.3600,12344100
2012-06-22,17.8400,18.6600,17.4800,17.6900,15840200
2012-06-15,19.1800,19.4291,17.1100,17.8300,27221900
2012-06-08,19.1800,19.7800,18.6800,19.0300,15759700
2012-06-01,19.6000,21.1400,18.6600,19.2000,15942100
2012-05-25,19.0800,19.7400,18.6800,19.5200,21738900
2012-05-18,20.1500,21.2100,18.1300,19.0700,26604200
2012-05-11,21.7000,22.0000,20.1700,20.3300,18983000
2012-05-04,22.6600,23.0800,21.8300,21.8300,10727700
2012-04-27,22.1700,22.7899,21.8350,22.6800,12849600
2012-04-20,21.3000,22.7100,20.9700,22.3800,17955200
2012-04-13,21.5500,22.0800,20.9400,21.2300,14742800
2012-04-05,21.7400,22.7400,21.6300,21.7300,14592000
2012-03-30,23.8500,24.0800,21.8200,21.8400,22412600
2012-03-23,23.6400,25.7700,22.9500,23.6200,26742300
2012-03-16,23.9000,24.0700,23.3000,23.5600,15499100
2012-03-09,23.8700,24.5500,23.5600,23.9000,17198800
2012-03-02,22.7200,24.2700,22.6900,23.8700,16327100
2012-02-24,23.3300,23.7500,22.7100,22.7300,8963900
2012-02-17,23.0100,23.3100,22.5400,23.1800,18086900
2012-02-10,23.6000,25.8600,22.6600,22.8800,26965000
2012-02-03,24.1500,24.1800,23.1700,23.6400,19009400
2012-01-27,24.5500,25.0000,22.6500,24.3200,15369600
2012-01-20,23.7500,25.0000,23.1000,24.5500,11256300
2012-01-13,24.6600,24.7000,23.2200,23.5100,21578300
2012-01-06,24.4300,25.2800,23.6900,24.8700,12115000
2011-12-30,23.8700,24.3700,23.5800,24.1300,5346800
2011-12-23,23.4600,24.0750,22.6400,23.9200,8571400
2011-12-16,24.0900,24.7500,23.1800,23.3400,17832400
2011-12-09,23.4500,24.3100,23.1300,24.2000,14928700
2011-12-02,22.0400,23.8500,22.0400,23.2200,16091500
2011-11-25,22.0700,22.9400,21.4600,21.5100,14974800
2011-11-18,24.8400,24.8400,21.7500,22.4600,34956600
2011-11-11,25.7100,25.7800,24.4200,25.1700,11574900
2011-11-04,26.0200,26.1400,24.5200,25.6900,16476000
2011-10-28,25.1300,26.6600,24.8600,26.2000,18500700
2011-10-21,25.1400,25.9000,23.8300,25.0400,19025000
2011-10-14,24.6700,26.0700,24.2800,25.1600,17683300
2011-10-07,23.0000,24.6400,22.1600,24.3300,19610300
2011-09-30,22.7100,24.5200,22.6400,23.1000,12740200
2011-09-23,24.3800,24.4950,22.3000,22.5100,15413000
2011-09-16,22.8850,25.0800,22.5100,24.8900,18607200
2011-09-09,21.5700,23.4200,21.5700,23.1300,13566900
2011-09-02,22.9400,24.0500,22.1100,22.1500,17154200
2011-08-26,21.9700,23.6200,21.0200,22.7800,22606200
2011-08-19,20.7800,22.9300,18.3400,21.5700,34768200
2011-08-12,21.6400,21.7800,20.2200,20.7200,21626700
2011-08-05,23.8100,23.8200,21.5000,22.1300,26371000
2011-07-29,23.2000,23.9600,23.1000,23.5800,17234200
2011-07-22,23.6500,24.0600,23.0100,23.4700,19758000
2011-07-15,26.5600,26.7500,23.4000,23.5900,30000600
2011-07-08,27.3300,27.8000,26.5900,26.8500,12238700
2011-07-01,26.0600,27.0200,25.7000,26.9300,16231000
2011-06-24,26.3400,27.5400,25.8900,26.1200,14750200
2011-06-17,26.3800,26.5700,25.9600,26.4400,14688900
2011-06-10,26.7300,27.0200,25.6500,26.2600,14719300
2011-06-03,28.3100,28.4800,26.3000,26.7300,14945000
2011-05-27,27.6400,28.6600,26.9100,28.2100,20389700
2011-05-20,26.7100,28.2200,24.5500,27.8800,32614000
2011-05-13,25.4900,27.6900,25.2800,26.7200,14691300
2011-05-06,26.1600,26.4700,25.3600,25.4600,16940200
2011-04-29,26.5100,26.6200,25.6100,25.6800,20799000
2011-04-21,26.2100,26.9400,25.6300,26.5400,24633900
2011-04-15,23.7400,26.4800,23.5500,26.4000,45447600
2011-04-08,22.9200,24.4100,22.4700,23.8100,23043700
2011-04-01,21.8000,23.0300,21.8000,22.9200,18537300
2011-03-25,21.1100,22.4000,20.6900,21.7200,24410300
2011-03-18,19.6500,21.3100,19.4200,20.9600,26108800
2011-03-11,20.1200,20.2800,19.4500,19.7700,18039500
2011-03-04,20.0000,20.1700,19.6100,20.0500,14577600
2011-02-25,19.9900,20.0300,19.4500,19.8500,15670700
2011-02-18,19.6700,20.5800,19.5550,19.9500,20332100
2011-02-11,20.1400,20.6800,19.5100,20.2800,22166000
2011-02-04,21.0900,21.1800,19.1900,20.0500,26396000
2011-01-28,20.8400,21.2500,20.4850,20.9800,14379200
2011-01-21,20.4200,21.2100,20.1200,20.9000,15991400
2011-01-14,20.6500,21.0000,20.1100,20.3700,20568700
2011-01-07,23.0700,23.2300,20.1805,20.7700,28362600
2010-12-31,22.1300,23.0000,22.0800,22.8800,10541800
2010-12-23,21.7900,22.3100,21.2300,22.2200,9789100
2010-12-17,22.3600,22.3600,21.3000,21.6700,16145400
2010-12-10,21.3200,22.2700,21.0200,22.2400,14307200
2010-12-03,20.3800,21.4050,19.8900,21.3300,19262100
2010-11-26,20.1100,20.7300,20.0390,20.5000,8549800
2010-11-19,20.9500,22.1250,19.9000,20.1200,34406300
2010-11-12,20.0100,21.2000,19.7600,20.8300,22162500
2010-11-05,19.7400,20.3600,19.1600,19.9900,13146600
2010-10-29,19.2500,19.6600,19.0000,19.6500,13102300
2010-10-22,18.4300,19.1600,17.9300,19.1300,24685200
2010-10-15,20.0800,20.3900,18.2000,18.3200,26320500
2010-10-08,19.8700,20.5900,19.6200,20.0800,11796300
2010-10-01,20.0400,20.0500,19.3600,20.0000,10795800
2010-09-24,19.4800,20.0400,19.2900,19.9200,15547000
2010-09-17,18.4500,20.2000,18.3600,19.3700,23787000
2010-09-10,18.9600,18.9700,18.2200,18.2500,8921400
2010-09-03,18.1700,19.0950,17.7000,19.0100,13950500
2010-08-27,18.9300,18.9900,17.9000,18.3300,16391000
2010-08-20,19.4700,20.8700,18.5600,18.8100,23004200
2010-08-13,21.1600,21.4000,19.4400,19.5700,17537100
2010-08-06,20.2300,21.4900,20.2300,20.9700,15482300
2010-07-30,20.4400,21.0100,19.4000,20.0500,13916100
2010-07-23,18.9900,20.5000,18.9900,20.5000,17261200
2010-07-16,19.0000,19.8600,18.8300,18.9500,18632400
2010-07-09,18.4000,19.1900,18.2500,19.0300,15150400
2010-07-02,18.3200,19.3300,17.9600,18.2700,35738800
2010-06-25,19.5200,19.5200,18.1500,18.5100,25693100
2010-06-18,21.7000,22.1700,19.1000,19.2100,48597800
2010-06-11,21.7800,22.0400,20.5000,21.6600,23170500
2010-06-04,22.6000,22.7350,21.5500,21.7700,15411000
2010-05-28,21.3200,23.1500,20.6600,22.7900,27050700
2010-05-21,21.8300,22.8496,20.2800,21.3000,36466300
2010-05-14,23.6000,23.9300,20.8701,21.8500,29443400
2010-05-07,24.6000,25.3100,21.9200,22.5800,26213000
2010-04-30,25.1400,25.7500,24.2100,24.3100,22586700
2010-04-23,25.0500,25.6700,24.7700,25.2200,42383700
2010-04-16,23.3700,25.5500,23.1900,24.8100,32563900
2010-04-09,22.4600,23.3800,22.3300,23.3000,18296100
2010-04-01,22.1400,22.4800,21.6600,22.4000,14686000
2010-03-26,21.6400,22.3000,21.4000,22.0000,28455500
2010-03-19,19.1900,22.1100,18.7400,21.1100,41677100
2010-03-12,18.1300,19.8400,17.8800,19.2100,35155600
2010-03-05,17.2900,18.1700,17.2600,18.0800,22035400
2010-02-26,19.3500,19.3500,17.1200,17.2000,33482900
2010-02-19,19.1800,19.5000,18.8500,19.3100,12121500
2010-02-12,20.1400,20.1400,18.2700,19.1700,29949900
2010-02-05,19.9800,20.5700,19.6610,20.1500,21606300
2010-01-29,20.1200,20.2900,19.5000,19.7700,25151300
2010-01-22,20.6500,20.8100,19.9800,20.0300,15986300
2010-01-15,20.5400,20.9000,20.1100,20.5000,31490400
2010-01-08,22.0700,24.1000,19.4200,20.2900,70519300
2009-12-31,22.1800,22.4500,21.9400,21.9400,9290200
2009-12-24,22.4800,22.7300,21.9300,22.0100,10001200
2009-12-18,21.9600,22.7500,21.7200,22.4800,20391300
2009-12-11,21.2200,22.5000,20.6900,21.7200,36012700
2009-12-04,25.3100,25.3500,20.9800,21.3300,49910900
2009-11-27,25.8000,26.0500,24.7400,25.3200,13486900
2009-11-20,23.7800,25.6500,23.4900,25.4900,25012900
2009-11-13,24.9900,26.0300,23.4400,23.6900,25750200
2009-11-06,24.4500,24.6600,23.6400,24.6300,15827400
2009-10-30,24.9100,25.2250,23.9100,24.2900,28257100
2009-10-23,27.9000,28.3000,24.5600,24.7700,32850700
2009-10-16,27.0700,28.6200,26.6200,27.7300,21650800
2009-10-09,25.6300,27.6500,25.4100,26.9600,20913400
2009-10-02,26.1100,27.0600,25.6100,25.6800,17538100
2009-09-25,26.7800,27.2190,25.7700,26.0400,17454000
2009-09-18,24.5100,27.3200,24.2500,26.7900,27567700
2009-09-11,24.4500,25.4000,24.2700,24.7000,15251800
2009-09-04,24.3100,24.4400,22.9400,24.0600,22467700
2009-08-28,23.2100,23.5700,22.0600,23.4700,29791100
2009-08-21,25.2600,25.8400,23.0100,23.1300,43082500
2009-08-14,25.3200,26.6600,23.8800,26.4400,28599900
2009-08-07,22.0400,25.3600,22.0400,25.1600,26010600
2009-07-31,24.0400,24.1100,21.4600,21.8900,29107600
2009-07-24,22.0600,24.2500,22.0100,24.1500,24525000
2009-07-17,20.4800,22.2300,20.0200,21.9600,19593100
2009-07-10,20.7100,21.3096,20.2200,20.4400,16641600
2009-07-02,22.2200,22.7100,20.8800,20.9000,16406600
2009-06-26,22.8800,22.8800,20.4400,22.1700,29142900
2009-06-19,23.9200,23.9200,22.6500,22.9500,19355400
2009-06-12,23.5000,25.4900,23.4101,24.1200,21895300
2009-06-05,25.1700,26.5000,23.3500,23.8900,29377300
2009-05-29,22.4900,24.9500,21.9800,24.9500,28904100
2009-05-22,26.8400,27.1250,21.8500,22.5500,44878100
2009-05-15,26.1900,27.1800,25.1000,26.4700,19618900
2009-05-08,29.6300,30.2900,25.8900,26.1300,24600500
2009-05-01,30.7100,31.1900,29.0200,29.3400,13442800
2009-04-24,28.3200,31.6800,27.8200,31.3100,15847100
2009-04-17,32.2800,32.8200,27.8600,28.8300,26806200
2009-04-09,28.7200,32.4600,27.5400,32.4200,16019900
2009-04-03,27.1800,31.2900,26.3200,29.7800,24107500
2009-03-27,25.4700,28.4500,25.3000,27.8300,34721800
2009-03-20,26.0000,26.0000,23.8800,24.8500,17984000
2009-03-13,22.1800,26.1300,21.8100,25.6600,18529300
2009-03-06,26.3500,27.7200,21.8200,22.3800,29821400
2009-02-27,27.1800,29.0800,26.0900,26.9200,20128200
2009-02-20,25.5300,28.4100,24.6200,26.6800,18418500
2009-02-13,27.6100,28.2500,25.6700,26.2500,13054800
2009-02-06,24.5100,28.3200,24.2500,28.0100,13721700
2009-01-30,25.9800,28.2300,24.7000,24.7800,16550200
2009-01-23,24.5800,26.2550,22.7400,25.8100,13807300
2009-01-16,25.9900,26.0700,22.6900,24.6800,20671100
2009-01-09,23.2400,26.7500,22.2600,26.1300,24734500
2009-01-02,23.1900,23.7500,21.0400,23.1900,9901800
2008-12-26,24.8500,24.8500,21.9700,23.1400,5323900
2008-12-19,24.1900,26.5100,22.5400,24.6000,14676200
2008-12-12,22.3800,25.1000,21.7700,24.1300,20653800
2008-12-05,21.6500,21.6500,18.0100,21.2700,19233600
2008-11-28,18.3300,22.5000,17.7500,21.8500,12430500
2008-11-21,23.2600,24.2500,16.9100,17.9800,23459400
2008-11-14,25.7300,26.4600,21.1600,23.2800,13883300
2008-11-07,27.7800,28.0000,23.5300,25.1000,14257400
2008-10-31,25.2900,31.4700,24.5100,27.3900,14299200
2008-10-24,32.2200,33.9500,24.0900,25.7300,13917800
2008-10-17,31.6100,36.8400,27.2200,31.8400,18563700
2008-10-10,33.9000,34.9000,26.3900,29.1000,21370800
2008-10-03,36.3800,38.4200,32.8000,35.2800,18429000
2008-09-26,37.9300,37.9300,33.2900,36.1600,16188300
2008-09-19,39.3100,41.6600,35.0200,37.7000,24971400
2008-09-12,44.2700,46.3600,40.4100,41.2100,14616200
2008-09-05,44.3400,46.2300,42.3800,43.6300,11697900
2008-08-29,43.6700,44.7500,42.1000,43.8700,10535400
2008-08-22,43.4800,45.0200,39.9000,44.1600,23758300
2008-08-15,43.7200,47.6900,43.0300,43.2100,16504000
2008-08-08,39.7500,44.4350,38.8200,44.2200,11311000
2008-08-01,41.4600,42.3000,39.0700,39.8300,13285300
2008-07-25,45.2800,45.7900,41.3400,41.5400,14575400
2008-07-18,40.0500,45.4500,38.6300,45.2500,18139600
2008-07-11,39.0200,41.4600,37.6200,39.2800,17562400
2008-07-03,42.5100,43.1600,38.3200,38.7800,16384000
2008-06-27,45.4200,46.9700,42.7100,42.8300,15477900
2008-06-20,45.5900,48.5300,45.4200,45.4200,22411600
2008-06-13,45.5000,46.4700,42.5100,44.5100,21895000
2008-06-06,49.4200,49.8600,45.0000,45.0000,18994900
2008-05-30,49.1800,50.6700,48.2700,49.6000,14038500
2008-05-23,53.6400,53.9900,44.1100,49.3700,31160300
2008-05-16,51.7200,56.0000,51.2300,53.8700,13228700
2008-05-09,53.3300,54.3600,50.0600,51.2300,13036200
2008-05-02,56.2000,57.2000,53.3400,53.9900,12975700
2008-04-25,53.9200,56.7600,53.8500,56.1800,11288900
2008-04-18,54.4100,59.1300,53.6600,56.6400,12956300
2008-04-11,57.0800,57.0800,52.9400,54.5400,11609000
2008-04-04,51.4900,56.9200,50.9020,56.4200,14876600
2008-03-28,50.4900,54.7500,50.4900,51.8900,16396400
2008-03-20,46.1100,50.1900,44.6900,50.1800,21053600
2008-03-14,42.6300,49.2500,42.4200,49.0500,16223000
2008-03-07,42.4700,45.5000,40.7800,42.6800,14194600
2008-02-29,46.3500,47.8500,42.2700,42.3600,13638000
2008-02-22,48.0450,48.1300,44.6400,46.2700,11994700
2008-02-15,49.3600,50.5500,44.2600,47.6300,23047900
2008-02-08,54.1800,54.9900,47.2100,50.2400,12018800
2008-02-01,49.5700,52.9600,48.0100,52.5200,12699900
2008-01-25,46.7000,53.5200,44.7600,49.6000,19301700
2008-01-18,52.3400,53.9800,49.0500,49.3200,20622500
2008-01-11,56.5500,59.0929,50.2500,52.1200,28030000
2008-01-04,61.9200,62.5400,56.7297,57.0400,10922700
2007-12-28,62.7100,63.6800,61.4600,62.3000,6903800
2007-12-21,57.9500,62.7600,57.8000,61.4500,16537500
2007-12-14,60.9000,62.0400,56.9000,58.2100,29046700
2007-12-07,58.0000,63.7700,56.1100,60.7800,17178700
2007-11-30,51.0000,57.6200,50.5500,57.4500,17020700
2007-11-23,55.6500,55.6500,47.4600,50.1500,21419800
2007-11-16,51.1800,56.9300,50.2900,55.0000,14310300
2007-11-09,56.5000,59.2600,51.8200,52.7800,11968100
2007-11-02,58.8400,60.5000,55.3600,56.5300,10559500
2007-10-26,55.9000,60.8000,53.2500,57.4400,12304900
2007-10-19,58.1000,60.1500,56.7000,56.7400,10368900
2007-10-12,56.8500,59.4500,56.0000,57.4000,9772800
2007-10-05,56.7300,57.8400,54.0600,56.7200,11529700
2007-09-28,56.8300,59.2300,54.6100,56.3500,18926100
2007-09-21,51.4200,55.9700,51.0700,55.2800,13769300
2007-09-14,48.4600,52.0000,47.4500,51.8600,10090600
2007-09-07,50.5000,51.9900,47.7300,48.2100,7221900
2007-08-31,49.5500,50.5200,46.4200,50.1400,12240900
2007-08-24,40.7500,49.8200,40.2800,49.4300,19668100
2007-08-17,40.8400,41.8000,37.4000,39.9000,11492100
2007-08-10,40.0000,44.7600,39.1500,39.8800,14297500
2007-08-03,40.4400,42.2000,37.5500,39.5500,14996400
2007-07-27,42.2000,43.0500,40.2800,40.4000,8898100
2007-07-20,41.8000,42.6500,40.6600,41.9300,6794500
2007-07-13,41.8400,44.0000,41.5100,42.0000,11281900
2007-07-06,39.1600,41.7900,39.1100,41.5500,6492500
2007-06-29,40.0600,40.5200,38.9100,39.1000,10974400
2007-06-22,40.5000,41.1700,38.9100,40.0600,11624900
2007-06-15,37.1000,39.8700,36.2100,39.2100,8802600
2007-06-08,38.0600,38.3900,36.2200,37.2700,8161600
2007-06-01,36.2200,37.8000,35.4520,37.6800,10239600
2007-05-25,35.8000,37.8700,34.7900,35.7900,18585100
2007-05-18,32.8900,37.0000,32.6500,35.5900,14765400
2007-05-11,33.3500,33.8700,32.3100,32.6400,9450000
2007-05-04,33.8000,34.0600,32.3600,33.2500,9516400
2007-04-27,34.1000,35.8500,33.4700,33.6100,10582500
2007-04-20,33.9100,34.5000,32.6200,34.0500,8121800
2007-04-13,33.4000,34.7500,32.7200,33.7900,8163200
2007-04-05,32.6500,33.4700,32.5700,33.3200,5766000
2007-03-30,27.5300,32.9800,27.1500,32.5700,21302800
2007-03-23,26.8300,27.9000,26.7200,27.3300,7086800
2007-03-16,53.8700,54.9700,52.1600,53.4500,3109800
2007-03-09,49.9000,54.3000,49.9000,54.2000,3989200
2007-03-02,54.0200,54.1700,50.7000,51.2900,4212600
2007-02-23,53.7400,56.1700,52.8200,53.8300,4709300
2007-02-16,53.9000,54.7500,52.8000,53.7400,4340700
2007-02-09,53.9000,54.0400,52.2900,53.5300,4074900
2007-02-02,52.2500,54.6900,52.0400,53.9000,5970400
2007-01-26,55.9200,56.3300,51.1100,52.2500,8051200
2007-01-19,57.8000,58.4108,55.5700,56.0300,2678300
2007-01-12,55.5000,58.2200,54.1200,57.6400,5480000
2007-01-05,55.1100,56.1000,53.3400,55.4900,5760300
2006-12-29,54.9000,56.2400,54.4000,55.1100,2345100
2006-12-22,56.8500,57.2300,53.8800,55.2500,5896800
2006-12-15,57.7800,57.7900,55.7300,56.6000,4271500
2006-12-08,55.4000,58.4200,55.4000,57.7900,5182100
2006-12-01,56.6500,56.8000,54.1600,55.5800,7395600
2006-11-24,52.0000,57.1900,49.7400,56.6500,11755000
2006-11-17,52.4100,53.8400,51.2400,51.7400,6607100
2006-11-10,53.7500,54.4800,51.6100,52.2900,5711100
2006-11-03,51.4000,53.8000,49.0100,53.5200,6684400
2006-10-27,51.0000,52.7300,49.3700,51.6400,5117300
2006-10-20,52.0500,52.1900,50.2900,51.2500,3637700
2006-10-13,47.5000,52.6500,46.9600,51.7200,8811200
2006-10-06,46.7000,48.7500,45.6400,47.6100,4354800
2006-09-29,47.5000,48.7400,46.2100,46.2800,7612800
2006-09-22,47.5500,49.7490,44.7100,47.1300,10707700
2006-09-15,44.7700,48.0000,44.1200,47.6500,7173700
2006-09-08,43.2800,45.1600,42.4200,44.7500,4805400
2006-09-01,41.8500,43.9800,41.8400,43.2600,4186500
2006-08-25,43.9700,44.3699,41.2800,41.8600,7093300
2006-08-18,46.8500,47.3000,43.0000,44.4300,10016200
2006-08-11,44.2000,47.0000,43.0900,46.4500,5224000
2006-08-04,41.9000,45.8500,40.0900,44.3000,6638100
2006-07-28,38.0000,42.5200,38.0000,42.2200,5819400
2006-07-21,38.9000,41.3300,37.4900,37.8700,6801500
2006-07-14,38.1500,39.9600,36.1500,38.9400,10038400
2006-07-07,40.4700,40.5000,37.9500,38.0800,4287500
2006-06-30,37.7400,42.0000,36.2500,42.0000,9529000
2006-06-23,39.4300,39.4600,36.1100,37.6700,7679700
2006-06-16,41.4200,41.5800,35.8700,39.4300,11407300
2006-06-09,43.2300,43.4000,39.0000,41.6400,6197700
2006-06-02,43.3400,44.4000,42.1300,43.4300,2923300
2006-05-26,44.2600,44.8000,41.2400,43.5800,5552100
2006-05-19,43.3000,47.7100,41.9100,44.9700,11088600
2006-05-12,48.0000,48.2700,43.7500,43.9500,3752400
2006-05-05,47.3000,48.5100,46.5000,48.2200,5435300
2006-04-28,46.8500,47.9300,46.1000,47.2000,4120400
2006-04-21,46.8000,47.9000,45.9400,46.9900,3270200
2006-04-13,48.9900,49.6800,46.7500,46.8600,4613000
2006-04-07,47.1400,49.4600,46.2300,48.9700,4405200
2006-03-31,46.6000,47.9300,46.2700,47.1400,4719500
2006-03-24,40.9500,47.1400,40.5200,46.8100,8559500
2006-03-17,39.2200,41.4800,38.8000,41.1000,4789700
2006-03-10,40.2400,41.6000,37.2600,38.8000,3318700
2006-03-03,40.0000,41.2700,39.5500,41.0000,3242300
2006-02-24,41.0000,41.9500,39.2600,40.0500,2241000
2006-02-17,40.4800,41.9300,39.5800,41.1500,3779800
2006-02-10,42.5700,43.2799,39.8516,40.4800,4638000
2006-02-03,39.1000,43.5700,38.9500,42.5700,8431200
2006-01-27,38.0000,41.1000,37.5500,39.1400,4643500
2006-01-20,38.0000,38.9000,37.7000,38.1200,3768700
2006-01-13,37.5100,39.3600,37.1100,38.3400,8166200
2006-01-06,31.8200,38.7700,31.1500,38.5200,15221400
2005-12-30,30.7000,32.2000,30.3524,31.8200,5023900
2005-12-23,31.5700,31.8500,30.2000,30.6300,7823600
2005-12-16,34.3000,34.4100,31.3110,31.5400,9979600
2005-12-09,35.2500,35.6500,33.5600,33.9500,5244500
2005-12-02,36.8000,37.3800,32.6000,35.2000,15754900
2005-11-25,36.8100,38.1899,35.4000,36.5400,10575200
2005-11-18,35.8800,37.0000,34.8100,36.2700,7256700
2005-11-11,36.8200,37.4300,35.6400,35.9100,4080500
2005-11-04,34.6500,37.2600,34.6500,36.3800,5366200
2005-10-28,34.5000,37.4000,32.6940,34.4800,7731200
2005-10-21,30.9500,34.8200,30.9500,34.0900,6768400
2005-10-14,31.0500,31.6000,29.9500,30.9500,7950800
2005-10-07,31.7600,32.9500,30.4800,30.7000,12266100
2005-09-30,34.0000,34.3400,30.6500,31.4700,6588200
2005-09-23,36.2200,36.5800,32.1500,33.8000,4449400
2005-09-16,36.2000,38.4100,35.2500,36.0200,3177900
2005-09-09,34.2500,36.7500,34.1300,36.1400,2991500
2005-09-02,33.6000,34.2300,32.7000,33.8300,2736200
2005-08-26,33.9800,35.1400,33.5300,34.0100,4517500
2005-08-19,31.8000,33.4900,28.6000,32.9800,8488000
2005-08-12,32.2500,33.4900,30.7500,31.4000,3639300
2005-08-05,34.5500,34.8000,31.7000,32.2000,2661600
2005-07-29,34.4000,35.5300,32.8200,34.3500,3179900
2005-07-22,35.1800,35.4800,34.2400,34.4400,2177900
2005-07-15,35.6500,36.1700,34.8900,35.1900,2887800
2005-07-08,32.2500,35.2100,31.9700,35.1600,2364600
2005-07-01,32.2000,33.1600,31.5500,32.8100,2193500
2005-06-24,33.0700,33.0900,31.8000,32.1000,2849100
2005-06-17,32.8300,34.3000,31.4600,33.0700,3765500
2005-06-10,31.2000,33.1000,30.7100,32.7700,6354100
2005-06-03,29.9500,31.5900,29.1600,31.0800,3740200
2005-05-27,28.2000,31.1300,28.1900,29.8700,5867400
2005-05-20,25.6500,29.0900,25.3900,28.0200,2664800
2005-05-13,25.7500,26.0900,25.2000,25.4900,2648200
2005-05-06,24.7000,26.2000,24.6200,25.8300,2936000
2005-04-29,23.6600,24.9300,23.6500,24.6100,3979800
2005-04-22,20.9100,25.7000,20.8000,23.6500,11953300
2005-04-15,21.8500,22.0700,20.7400,21.6100,1500400
2005-04-08,21.8500,22.3900,21.4300,21.7800,1508400
2005-04-01,23.0600,23.6200,21.5600,21.7700,2352500
2005-03-24,21.0200,22.9500,19.4000,22.5500,4411900
2005-03-18,19.9700,21.3500,19.6000,21.0200,2309800
2005-03-11,20.7500,21.0500,20.1600,20.2900,1143100
2005-03-04,19.2000,20.6900,19.2000,20.6900,1392500
2005-02-25,19.5300,19.5600,18.5300,19.2300,803100
2005-02-18,19.1900,19.9200,19.0700,19.5300,1176800
2005-02-11,19.6100,19.6500,18.7900,19.1500,1158500
2005-02-04,18.9000,20.0600,18.8800,19.6600,1795100
2005-01-28,19.0900,19.2500,18.5600,18.8000,1765700
2005-01-21,19.0600,19.5900,18.9500,19.1000,1695400
2005-01-14,19.4100,19.6000,18.8600,19.0500,3008700
2005-01-07,22.9500,22.9500,18.7500,19.5500,5831000
2004-12-31,21.7100,22.6000,21.2600,22.3600,1417700
2004-12-23,21.1900,22.0200,20.6800,21.4600,1510800
2004-12-17,21.7500,21.8500,20.8600,21.1500,1818800
2004-12-10,21.0500,21.6700,20.4500,21.6500,2652100
2004-12-03,22.0000,22.0000,20.7100,21.0000,2417700
2004-11-26,20.5000,21.7800,19.6900,21.7000,4200800
2004-11-19,22.9000,23.1600,20.4700,20.5400,7096300
2004-11-12,22.8000,23.5100,20.6700,23.5000,5825000
2004-11-05,19.6000,21.6800,19.6000,21.5300,2227400
2004-10-29,19.1700,20.2200,18.9800,19.5900,1481500
2004-10-22,19.0500,19.6200,18.6700,19.2700,1039000
2004-10-15,18.8100,19.4400,18.3300,19.0900,1717800
2004-10-08,19.0000,20.4600,18.2000,18.7200,3153700
2004-10-01,18.2000,18.9300,17.6500,18.9200,1075100
2004-09-24,18.3000,18.5200,17.7600,18.2500,964800
2004-09-17,17.2400,18.7500,17.1800,18.7500,811300
2004-09-10,17.3100,17.4900,17.0000,17.2400,323200
2004-09-03,16.9400,17.3500,16.7000,17.2600,746800
2004-08-27,17.0500,17.2000,16.6100,16.9900,610500
2004-08-20,14.9000,17.6200,14.9000,17.0000,2183100
2004-08-13,15.0000,15.5000,14.6600,15.0000,654500
2004-08-06,15.3200,15.7300,14.4700,15.0000,980000
2004-07-30,14.6500,15.5000,14.5700,15.4000,758700
2004-07-23,15.0100,15.9200,14.5000,14.5600,1288400
2004-07-16,14.7000,15.3500,14.5300,15.0500,1430100
2004-07-09,14.8700,15.0500,14.3700,14.8000,921000
2004-07-02,15.1000,15.3300,14.6700,14.8600,870400
2004-06-25,15.0400,15.2400,14.4700,15.1000,2300700
2004-06-18,15.7500,15.8200,15.0200,15.0300,1424900
2004-06-10,15.8000,16.2800,15.7100,15.8200,1237100
2004-06-04,15.6200,15.8400,15.2100,15.5900,1875100
2004-05-28,15.5000,15.9800,15.2800,15.6200,1405200
2004-05-21,16.9900,17.0000,15.1500,15.4000,2177100
2004-05-14,17.5000,17.8700,16.8100,17.0700,970700
2004-05-07,17.5700,18.4500,17.5500,17.6000,814700
2004-04-30,18.3000,18.5000,17.3800,17.6100,709900
2004-04-23,18.2200,18.7000,17.9700,18.1500,616800
2004-04-16,18.4000,18.6300,17.4600,18.2200,610100
2004-04-08,18.3600,18.7300,18.1400,18.4200,593100
2004-04-02,18.0000,18.4900,17.7300,18.3600,1035800
2004-03-26,17.1100,17.5400,16.4900,17.4800,1255200
2004-03-19,17.8000,17.8000,16.5100,17.0700,1277900
2004-03-12,18.0500,18.1400,16.8600,17.9000,907200
2004-03-05,18.6500,18.7400,17.6800,18.1000,886000
2004-02-27,18.0000,18.9700,17.7000,18.6500,1689700
2004-02-20,17.2200,18.6000,17.2200,18.0000,1102800
2004-02-13,17.3500,17.7200,16.7500,17.1800,948400
2004-02-06,16.6000,17.4200,16.0700,17.4200,1227500
2004-01-30,17.0500,17.4000,15.9300,16.6000,1046000
2004-01-23,17.4200,17.8900,16.8000,16.9900,1048900
2004-01-16,17.9800,18.1000,17.1500,17.5000,1389500
2004-01-09,15.2400,18.9000,15.1600,17.9700,3343900
2004-01-02,15.1600,15.8000,14.9100,15.1300,584600
2003-12-26,15.2000,15.7300,14.9500,15.0600,530800
2003-12-19,15.3900,15.5900,14.4000,15.3900,1461900
2003-12-12,14.6000,15.4000,14.2800,15.1400,1419600
2003-12-05,16.3500,16.3500,14.1300,14.7000,2402400
2003-11-28,16.3500,16.6500,16.1000,16.1500,766300
2003-11-21,16.1700,16.6500,15.0400,16.1700,2219700
2003-11-14,16.8100,17.3000,16.0000,16.1700,1599900
2003-11-07,16.0600,17.6000,15.4000,16.8000,3331200
2003-10-31,16.1600,17.7600,16.1600,16.8200,1112400
2003-10-24,18.2000,18.4500,15.6900,16.0700,2265600
2003-10-17,17.4000,19.0500,17.3000,18.2500,1769500
2003-10-10,16.7800,17.6600,16.4800,17.4200,769300
2003-10-03,16.2500,16.9900,15.6500,16.6800,972000
2003-09-26,17.0500,17.2000,15.9000,16.2500,1486200
2003-09-19,16.8100,17.5000,16.8000,17.1500,1768300
2003-09-12,18.0000,18.1000,15.7000,16.8100,2711900
2003-09-05,16.7500,18.2500,16.7500,18.0000,1606200
2003-08-29,16.4000,16.9900,15.7900,16.6300,1646900
2003-08-22,13.2000,16.3900,12.8500,16.2800,4073000
2003-08-15,12.7300,13.2300,12.5200,13.2000,1117900
2003-08-08,13.5000,13.7500,12.7200,12.7200,1364200
2003-08-01,13.4500,14.6000,13.3100,13.5300,1037600
2003-07-25,13.5500,13.7200,13.2000,13.5000,1434800
2003-07-18,14.3000,14.6600,12.9800,13.5500,1729500
2003-07-11,13.4000,14.8500,13.4000,14.0500,2188300
2003-07-03,12.5500,13.8400,12.5300,13.3000,1901400
2003-06-27,13.6000,13.6000,12.5300,12.5500,1654500
2003-06-20,12.7600,14.2200,12.7600,13.5800,1889600
2003-06-13,12.9000,13.0300,12.6100,12.7500,959000
2003-06-06,12.5500,13.2000,12.4600,12.9000,2099800
2003-05-30,11.7800,13.1200,11.7500,12.5300,2624000
2003-05-23,12.9000,12.9500,11.3500,11.7500,3436700
2003-05-16,13.2000,13.8800,12.8000,13.0000,2204600
2003-05-09,11.3000,13.3400,11.3000,13.2900,2735600
2003-05-02,12.1800,12.8000,11.0800,11.2600,2187100
2003-04-25,12.4000,13.1200,12.0400,12.0800,836300
2003-04-17,12.6200,12.9000,12.3800,12.3800,658500
2003-04-11,12.9500,13.3600,12.0000,12.4200,1511100
2003-04-04,12.0000,12.8800,11.6800,12.8800,1227100
2003-03-28,12.0000,12.3300,11.5900,12.0400,1329200
2003-03-21,12.0000,12.5000,11.0000,12.1200,1859300
2003-03-14,10.9200,12.3400,10.6000,12.1000,2202700
2003-03-07,10.5500,11.0600,10.2500,10.9200,1375100
2003-02-28,10.4700,10.7800,9.8000,10.5000,1374500
2003-02-21,9.0000,10.6500,8.9300,10.6000,3209700
2003-02-14,7.8200,8.2500,7.5000,8.2300,1981600
2003-02-07,8.6000,8.8100,7.8200,7.9200,1792200
2003-01-31,9.3200,9.4500,8.5000,8.5000,2386700
2003-01-24,9.4500,9.9000,9.0700,9.4100,1792700
2003-01-17,10.6000,10.7100,8.7300,9.5500,2771800
2003-01-10,10.3000,10.8800,9.7500,10.3800,2844400
2003-01-03,9.2500,9.9700,9.1900,9.8700,1264200
2002-12-27,9.4400,9.5900,8.9200,9.3500,2646200
2002-12-20,16.0000,16.2900,9.0200,9.4700,10912300
2002-12-13,18.6000,18.7200,15.8000,15.8000,1680900
2002-12-06,19.0000,19.7500,18.2600,19.2200,1317000
2002-11-29,18.7000,19.1500,18.0600,18.6000,670600
2002-11-22,20.9000,20.9500,17.6000,18.5000,2800800
2002-11-15,17.1000,20.4000,16.9000,20.1700,1455300
2002-11-08,17.8800,18.9800,17.0300,17.0300,946600
2002-11-01,20.5000,20.5000,17.1800,17.6300,2363300
2002-10-25,20.3600,21.0000,18.2000,20.3500,1715600
2002-10-18,18.4700,20.8900,18.3500,20.3500,796100
2002-10-11,19.1000,19.2800,17.2700,18.5700,1004900
2002-10-04,21.2800,21.4000,18.5000,19.3100,1316800
2002-09-27,20.0600,22.1500,18.6500,21.2800,978300
2002-09-20,19.6100,20.8700,19.6000,20.0500,637200
2002-09-13,19.6500,21.0800,18.6000,19.6000,647000
2002-09-06,20.8000,20.8000,18.4300,19.6100,753300
2002-08-30,19.7600,21.9900,19.7300,20.8000,1070300
2002-08-23,18.9300,21.5000,18.7000,19.7500,1689800
2002-08-16,15.2400,19.8000,15.2000,18.9300,1380300
2002-08-09,15.1000,16.0000,13.8500,15.2500,1229500
2002-08-02,17.5600,18.4000,14.8500,15.1000,567600
2002-07-26,15.7200,17.7000,14.9900,17.5400,818700
2002-07-19,17.6700,17.6700,14.3000,15.7800,1445000
2002-07-12,19.1000,20.4300,17.5700,17.6900,1154500
2002-07-05,20.9000,20.9900,17.2500,19.0100,675900
2002-06-28,21.0000,21.3200,18.3600,20.9900,1239600
2002-06-21,22.6000,23.4500,20.9000,21.0000,453500
2002-06-14,22.9500,23.3000,21.3500,22.5100,465700
2002-06-07,24.1900,24.1900,22.5600,22.9500,1082300
2002-05-31,23.5500,24.3000,23.1500,24.1900,1682500
2002-05-24,21.2300,23.7000,20.3000,23.4600,1553100
2002-05-17,22.0700,22.4000,19.8500,21.2300,2669400
2002-05-10,20.7900,23.4300,20.7900,22.0600,600100
2002-05-03,19.1500,20.9900,18.7000,20.8000,1863500
2002-04-26,20.1500,20.2500,19.1700,19.2500,755400
2002-04-19,18.2000,20.3500,18.1900,20.2700,970600
2002-04-12,18.6000,19.2000,17.7700,18.2500,1137900
2002-04-05,20.0500,20.0500,18.3500,18.4900,768300
2002-03-28,19.5000,21.0000,19.1800,20.2000,1559000
2002-03-22,20.4000,20.4000,17.0000,19.3000,2699300
2002-03-15,20.8000,21.9000,19.9000,20.3500,2468700
2002-03-08,19.4500,21.0000,19.1600,20.9000,1530500
2002-03-01,19.3000,19.7000,18.9800,19.3700,1871400
2002-02-22,19.8000,19.8500,18.7500,19.3500,3100700
